<?xml version="1.0"?>
<ApplicationModel xmlns:xsi="http://www.w3.org/2001/XMLSchema-instance" xmlns:xsd="http://www.w3.org/2001/XMLSchema">
  <Buildings Name="Politechnika" Address="Wólczańska">
    <Elevations Number="2">
      <Rooms Number="2">
        <Equipments />
      </Rooms>
    </Elevations>
    <Elevations Number="3">
      <Rooms Number="201">
        <Equipments>
          <Chair Signature="chair001" Cost="14" PurchaseDate="2009-11-11T00:00:00" />
        </Equipments>
      </Rooms>
      <Rooms Number="202">
        <Equipments>
          <Plant Signature="plant001" Cost="3" PurchaseDate="2009-12-12T00:00:00" />
        </Equipments>
      </Rooms>
      <Rooms Number="203">
        <Equipments />
      </Rooms>
    </Elevations>
  </Buildings>
  <Buildings Name="Empire State Building" Address="13th Elm Street">
    <Elevations Number="1">
      <Rooms Number="101">
        <Equipments />
      </Rooms>
      <Rooms Number="102">
        <Equipments />
      </Rooms>
      <Rooms Number="103">
        <Equipments />
      </Rooms>
    </Elevations>
    <Elevations Number="2">
      <Rooms Number="201">
        <Equipments />
      </Rooms>
      <Rooms Number="202">
        <Equipments />
      </Rooms>
    </Elevations>
    <Elevations Number="3">
      <Rooms Number="301">
        <Equipments />
      </Rooms>
      <Rooms Number="302">
        <Equipments>
          <Table Signature="table001" Cost="124" PurchaseDate="2009-09-12T00:00:00" />
        </Equipments>
      </Rooms>
      <Rooms Number="303">
        <Equipments />
      </Rooms>
      <Rooms Number="304">
        <Equipments />
      </Rooms>
    </Elevations>
  </Buildings>
  <Buildings Name="Warsaw Trade Tower" Address="Chłodna 5">
    <Elevations Number="-1">
      <Rooms Number="1">
        <Equipments />
      </Rooms>
      <Rooms Number="3">
        <Equipments />
      </Rooms>
    </Elevations>
    <Elevations Number="0">
      <Rooms Number="1">
        <Equipments />
      </Rooms>
      <Rooms Number="2">
        <Equipments />
      </Rooms>
      <Rooms Number="3">
        <Equipments />
      </Rooms>
    </Elevations>
    <Elevations Number="1">
      <Rooms Number="101">
        <Equipments />
      </Rooms>
      <Rooms Number="102">
        <Equipments />
      </Rooms>
      <Rooms Number="103">
        <Equipments />
      </Rooms>
      <Rooms Number="104">
        <Equipments />
      </Rooms>
    </Elevations>
    <Elevations Number="2">
      <Rooms Number="201">
        <Equipments />
      </Rooms>
      <Rooms Number="202">
        <Equipments />
      </Rooms>
      <Rooms Number="203">
        <Equipments />
      </Rooms>
    </Elevations>
  </Buildings>
</ApplicationModel>